{"cameraMode":{"drawMode":0,"name":"Shaded","section":"Shading Mode"},"sceneLighting":false,"audioPlay":false,"sceneViewState":{"m_AlwaysRefresh":false,"showFog":true,"showSkybox":false,"showFlares":true,"showImageEffects":true,"showParticleSystems":true,"showVisualEffectGraphs":true,"m_FxEnabled":true},"in2DMode":false,"pivot":{"x":-0.13762378692626954,"y":-0.0016565322875976563,"z":-0.053436279296875},"rotation":{"x":-0.1547318547964096,"y":0.7146635055541992,"z":-0.16718259453773499,"w":-0.6613788604736328},"size":8.832929611206055,"orthographic":false}