{"cameraMode":{"drawMode":0,"name":"Shaded","section":"Shading Mode"},"sceneLighting":false,"audioPlay":false,"sceneViewState":{"m_AlwaysRefresh":false,"showFog":true,"showSkybox":false,"showFlares":true,"showImageEffects":true,"showParticleSystems":true,"showVisualEffectGraphs":true,"m_FxEnabled":true},"in2DMode":false,"pivot":{"x":3.1994359493255617,"y":7.815360069274902,"z":-4.385004043579102},"rotation":{"x":-0.34693822264671328,"y":-0.010693727992475033,"z":0.003939373418688774,"w":-0.9378769397735596},"size":24.04937171936035,"orthographic":true}