{"cameraMode":{"drawMode":0,"name":"Shaded","section":"Shading Mode"},"sceneLighting":false,"audioPlay":false,"sceneViewState":{"m_AlwaysRefresh":false,"showFog":true,"showSkybox":false,"showFlares":true,"showImageEffects":true,"showParticleSystems":true,"showVisualEffectGraphs":true,"m_FxEnabled":true},"in2DMode":false,"pivot":{"x":1.5732442140579224,"y":0.18569263815879823,"z":-1.2596639394760132},"rotation":{"x":-0.33086010813713076,"y":0.1802242249250412,"z":-0.06451968848705292,"w":-0.9241154193878174},"size":8.524819374084473,"orthographic":true}