{"cameraMode":{"drawMode":0,"name":"Shaded","section":"Shading Mode"},"sceneLighting":false,"audioPlay":false,"sceneViewState":{"m_AlwaysRefresh":false,"showFog":true,"showSkybox":false,"showFlares":true,"showImageEffects":true,"showParticleSystems":true,"showVisualEffectGraphs":true,"m_FxEnabled":true},"in2DMode":false,"pivot":{"x":2.965965747833252,"y":1.1965622901916505,"z":0.017516493797302247},"rotation":{"x":-0.1547318547964096,"y":0.7146635055541992,"z":-0.16718259453773499,"w":-0.6613788604736328},"size":2.5783538818359377,"orthographic":false}