{"cameraMode":{"drawMode":0,"name":"Shaded","section":"Shading Mode"},"sceneLighting":false,"audioPlay":false,"sceneViewState":{"m_AlwaysRefresh":false,"showFog":true,"showSkybox":false,"showFlares":true,"showImageEffects":true,"showParticleSystems":true,"showVisualEffectGraphs":true,"m_FxEnabled":true},"in2DMode":false,"pivot":{"x":-1.2000000476837159,"y":0.30000007152557375,"z":-2.299999952316284},"rotation":{"x":0.2263408601284027,"y":-0.002612223383039236,"z":0.000676231284160167,"w":0.9740958213806152},"size":2.0292532444000246,"orthographic":false}