{"cameraMode":{"drawMode":0,"name":"Shaded","section":"Shading Mode"},"sceneLighting":true,"audioPlay":false,"sceneViewState":{"m_AlwaysRefresh":false,"showFog":true,"showSkybox":true,"showFlares":true,"showImageEffects":true,"showParticleSystems":true,"showVisualEffectGraphs":true,"m_FxEnabled":true},"in2DMode":false,"pivot":{"x":7.264484405517578,"y":1.0072870254516602,"z":4.8773932456970219},"rotation":{"x":-0.15270091593265534,"y":-0.01882117986679077,"z":0.0033072857186198236,"w":-0.9882698059082031},"size":7.134250640869141,"orthographic":false}